Team,Year,Season,Medal Count
A North American Team,1900,Summer,4
Afghanistan,2008,Summer,1
Afghanistan,2012,Summer,1
Algeria,1984,Summer,2
Algeria,1992,Summer,2
Algeria,1996,Summer,3
Algeria,2000,Summer,5
Algeria,2008,Summer,2
Algeria,2012,Summer,1
Algeria,2016,Summer,2
Ali-Baba II,1948,Summer,5
Amateur Athletic Association,1900,Summer,5
Amstel Amsterdam,1908,Summer,4
Ancora,1920,Summer,4
Angelita,1932,Summer,12
Antwerpia V,1920,Summer,5
Aphrodite,1964,Summer,3
Argentina,1924,Summer,10
Argentina,1928,Summer,26
Argentina,1932,Summer,4
Argentina,1936,Summer,11
Argentina,1948,Summer,6
Argentina,1952,Summer,6
Argentina,1956,Summer,2
Argentina,1960,Summer,1
Argentina,1964,Summer,1
Argentina,1968,Summer,2
Argentina,1972,Summer,1
Argentina,1988,Summer,13
Argentina,1992,Summer,2
Argentina,1996,Summer,20
Argentina,2000,Summer,20
Argentina,2004,Summer,49
Argentina,2008,Summer,51
Argentina,2012,Summer,19
Argentina,2016,Summer,22
Argonaut Rowing Club,1908,Summer,6
Armenia,1996,Summer,2
Armenia,2000,Summer,1
Armenia,2008,Summer,6
Armenia,2012,Summer,3
Armenia,2016,Summer,4
Aschenbrodel,1900,Summer,8
Atalanta Boat Club-1,1904,Summer,2
Atalanta Boat Club-2,1904,Summer,2
Atlanta,1920,Summer,9
Australasia,1908,Summer,19
Australasia,1912,Summer,10
Australia,1896,Summer,2
Australia,1900,Summer,5
Australia,1904,Summer,4
Australia,1906,Summer,3
Australia,1920,Summer,7
Australia,1924,Summer,10
Australia,1924,Winter,1
Australia,1928,Summer,4
Australia,1932,Summer,5
Australia,1936,Summer,1
Australia,1948,Summer,16
Australia,1952,Summer,20
Australia,1956,Summer,62
Australia,1960,Summer,46
Australia,1964,Summer,41
Australia,1968,Summer,51
Australia,1972,Summer,20
Australia,1976,Summer,23
Australia,1980,Summer,13
Australia,1984,Summer,52
Australia,1988,Summer,35
Australia,1992,Summer,57
Australia,1994,Winter,4
Australia,1996,Summer,130
Australia,1998,Winter,1
Australia,2000,Summer,181
Australia,2002,Winter,2
Australia,2004,Summer,157
Australia,2006,Winter,2
Australia,2008,Summer,149
Australia,2010,Winter,3
Australia,2012,Summer,114
Australia,2014,Winter,3
Australia,2016,Summer,82
Australia-1,1996,Summer,2
Australia-1,2000,Summer,2
Australia/Great Britain,1896,Summer,2
Austria,1896,Summer,5
Austria,1900,Summer,6
Austria,1904,Summer,3
Austria,1906,Summer,9
Austria,1908,Summer,1
Austria,1912,Summer,14
Austria,1924,Summer,4
Austria,1924,Winter,4
Austria,1928,Summer,5
Austria,1928,Winter,2
Austria,1932,Summer,5
Austria,1932,Winter,2
Austria,1936,Summer,55
Austria,1936,Winter,3
Austria,1948,Summer,8
Austria,1948,Winter,8
Austria,1952,Summer,3
Austria,1952,Winter,8
Austria,1956,Summer,4
Austria,1956,Winter,10
Austria,1960,Summer,3
Austria,1960,Winter,6
Austria,1964,Winter,9
Austria,1968,Summer,5
Austria,1968,Winter,9
Austria,1972,Summer,3
Austria,1972,Winter,5
Austria,1976,Summer,1
Austria,1976,Winter,5
Austria,1980,Summer,5
Austria,1980,Winter,6
Austria,1984,Summer,3
Austria,1984,Winter,1
Austria,1988,Summer,1
Austria,1988,Winter,12
Austria,1992,Summer,6
Austria,1992,Winter,25
Austria,1994,Winter,12
Austria,1996,Summer,3
Austria,1998,Winter,20
Austria,2000,Summer,4
Austria,2002,Winter,20
Austria,2004,Summer,8
Austria,2006,Winter,28
Austria,2008,Summer,3
Austria,2010,Winter,24
Austria,2014,Winter,25
Austria,2016,Summer,2
Austria-1,1928,Winter,2
Austria-1,1936,Winter,2
Austria-1,1956,Winter,2
Austria-1,1964,Winter,6
Austria-1,1968,Winter,6
Austria-1,1976,Winter,2
Austria-1,1980,Winter,2
Austria-1,1992,Winter,4
Austria-1,2006,Winter,2
Austria-1,2010,Winter,2
Austria-1,2014,Winter,2
Austria-2,1928,Winter,2
Austria-2,1964,Winter,2
Azerbaijan,1996,Summer,1
Azerbaijan,2000,Summer,3
Azerbaijan,2004,Summer,5
Azerbaijan,2008,Summer,7
Azerbaijan,2012,Summer,10
Azerbaijan,2016,Summer,18
"BLO Polo Club, Rugby",1900,Summer,4
Baby-1,1900,Summer,2
"Bagatelle Polo Club, Paris",1900,Summer,4
Bahamas,1992,Summer,1
Bahamas,1996,Summer,5
Bahamas,2000,Summer,11
Bahamas,2004,Summer,2
Bahamas,2008,Summer,7
Bahamas,2012,Summer,4
Bahamas,2016,Summer,6
Bahrain,2012,Summer,1
Bahrain,2016,Summer,2
Ballerina IV,1960,Summer,3
Barbados,2000,Summer,1
Barion/Bari-2,1906,Summer,3
Barrenjoey,1964,Summer,3
Beatrijs III-1,1920,Summer,3
Belarus,1994,Winter,2
Belarus,1996,Summer,23
Belarus,1998,Winter,2
Belarus,2000,Summer,22
Belarus,2002,Winter,1
Belarus,2004,Summer,15
Belarus,2006,Winter,1
Belarus,2008,Summer,29
Belarus,2010,Winter,3
Belarus,2012,Summer,23
Belarus,2014,Winter,6
Belarus,2016,Summer,12
Belgium,1900,Summer,14
Belgium,1906,Summer,9
Belgium,1908,Summer,21
Belgium,1912,Summer,19
Belgium,1920,Summer,177
Belgium,1924,Summer,39
Belgium,1928,Summer,5
Belgium,1928,Winter,1
Belgium,1932,Summer,1
Belgium,1936,Summer,14
Belgium,1948,Summer,15
Belgium,1948,Winter,6
Belgium,1952,Summer,8
Belgium,1956,Summer,2
Belgium,1960,Summer,4
Belgium,1964,Summer,3
Belgium,1968,Summer,3
Belgium,1972,Summer,2
Belgium,1976,Summer,9
Belgium,1980,Summer,1
Belgium,1984,Summer,5
Belgium,1988,Summer,2
Belgium,1992,Summer,3
Belgium,1996,Summer,6
Belgium,1998,Winter,1
Belgium,2000,Summer,7
Belgium,2004,Summer,3
Belgium,2008,Summer,5
Belgium,2012,Summer,3
Belgium,2016,Summer,21
Belgium-1,1900,Summer,1
Belgium-1,1924,Winter,5
Bem II,1936,Summer,2
Bera,1924,Summer,5
Berliner Ruderclub,1908,Summer,2
Berliner Ruderverein von 1876-2,1912,Summer,9
Bermuda,1976,Summer,1
Bingo,1964,Summer,3
Bissbi,1932,Summer,4
Bluebottle,1956,Summer,3
Bohemia,1900,Summer,2
Bohemia,1906,Summer,3
Bohemia,1908,Summer,6
Bohemia/Great Britain,1900,Summer,2
Bona Fide,1900,Summer,3
Bonaparte,2008,Summer,1
Bonzo,1924,Summer,3
Boreas-2,1920,Summer,2
Boston Archers,1904,Summer,4
Botswana,2012,Summer,1
Brazil,1920,Summer,7
Brazil,1948,Summer,10
Brazil,1952,Summer,3
Brazil,1956,Summer,1
Brazil,1960,Summer,13
Brazil,1964,Summer,12
Brazil,1968,Summer,4
Brazil,1972,Summer,2
Brazil,1976,Summer,3
Brazil,1980,Summer,9
Brazil,1984,Summer,36
Brazil,1988,Summer,23
Brazil,1992,Summer,14
Brazil,1996,Summer,59
Brazil,2000,Summer,42
Brazil,2004,Summer,36
Brazil,2008,Summer,74
Brazil,2012,Summer,55
Brazil,2016,Summer,46
Brazil-1,1996,Summer,2
Brazil-1,2000,Summer,4
Brazil-1,2004,Summer,4
Brazil-1,2008,Summer,2
Brazil-1,2012,Summer,4
Brazil-1,2016,Summer,4
Brazil-2,1996,Summer,2
Brazil-2,2000,Summer,2
Brazil-2,2008,Summer,2
Brussels Swimming and Water Polo Club,1900,Summer,10
Brynhild-2,1900,Summer,1
Bucintoro Venezia,1906,Summer,8
Bucintoro Venezia-1,1906,Summer,3
Bulgaria,1952,Summer,1
Bulgaria,1956,Summer,18
Bulgaria,1960,Summer,7
Bulgaria,1964,Summer,10
Bulgaria,1968,Summer,26
Bulgaria,1972,Summer,22
Bulgaria,1976,Summer,39
Bulgaria,1980,Summer,90
Bulgaria,1980,Winter,1
Bulgaria,1988,Summer,41
Bulgaria,1992,Summer,17
Bulgaria,1996,Summer,21
Bulgaria,1998,Winter,1
Bulgaria,2000,Summer,13
Bulgaria,2002,Winter,3
Bulgaria,2004,Summer,17
Bulgaria,2006,Winter,1
Bulgaria,2008,Summer,5
Bulgaria,2012,Summer,2
Bulgaria,2016,Summer,7
Buraddoo,1956,Summer,3
Burundi,1996,Summer,1
Burundi,2016,Summer,1
Cambridge University Boat Club-2,1908,Summer,9
Cameroon,1968,Summer,1
Cameroon,1984,Summer,1
Cameroon,2000,Summer,18
Cameroon,2004,Summer,1
Cameroon,2008,Summer,1
Camille,1908,Summer,1
Canada,1900,Summer,2
Canada,1904,Summer,2
Canada,1906,Summer,2
Canada,1908,Summer,37
Canada,1912,Summer,8
Canada,1920,Summer,16
Canada,1924,Summer,20
Canada,1924,Winter,9
Canada,1928,Summer,33
Canada,1928,Winter,12
Canada,1932,Summer,29
Canada,1932,Winter,20
Canada,1936,Summer,22
Canada,1936,Winter,13
Canada,1948,Summer,7
Canada,1948,Winter,15
Canada,1952,Summer,4
Canada,1952,Winter,17
Canada,1956,Summer,19
Canada,1956,Winter,18
Canada,1960,Summer,9
Canada,1960,Winter,19
Canada,1964,Summer,5
Canada,1964,Winter,1
Canada,1968,Summer,10
Canada,1968,Winter,20
Canada,1972,Summer,11
Canada,1972,Winter,1
Canada,1976,Summer,23
Canada,1976,Winter,3
Canada,1980,Winter,2
Canada,1984,Summer,87
Canada,1984,Winter,4
Canada,1988,Summer,23
Canada,1988,Winter,4
Canada,1992,Summer,44
Canada,1992,Winter,34
Canada,1994,Winter,35
Canada,1996,Summer,48
Canada,1998,Winter,47
Canada,2000,Summer,31
Canada,2002,Winter,72
Canada,2004,Summer,17
Canada,2006,Winter,67
Canada,2008,Summer,35
Canada,2010,Winter,80
Canada,2012,Summer,55
Canada,2014,Winter,82
Canada,2016,Summer,69
Canada-1,1956,Winter,2
Canada-1,1960,Winter,2
Canada-1,1964,Winter,6
Canada-1,1988,Winter,2
Canada-1,1992,Winter,2
Canada-1,1994,Winter,2
Canada-1,1996,Summer,2
Canada-1,1998,Winter,2
Canada-1,2002,Winter,2
Canada-1,2006,Winter,2
Canada-1,2010,Winter,8
Canada-1,2014,Winter,4
Canada-2,2010,Winter,2
Caprice,1932,Summer,4
Carabinier-15,1900,Summer,1
"Central Turnverein, Chicago",1904,Summer,6
Century Boat Club-1,1904,Summer,4
Cercle de l'Aviron Roubaix-4,1900,Summer,5
Chicago Athletic Association,1904,Summer,5
Chicago Athletic Association-2,1904,Summer,11
Chile,1928,Summer,1
Chile,1952,Summer,4
Chile,1956,Summer,4
Chile,1988,Summer,1
Chile,2000,Summer,17
Chile,2004,Summer,4
Chile,2008,Summer,1
China,1984,Summer,74
China,1988,Summer,50
China,1992,Summer,70
China,1992,Winter,3
China,1994,Winter,3
China,1996,Summer,94
China,1998,Winter,14
China,2000,Summer,65
China,2002,Winter,14
China,2004,Summer,82
China,2006,Winter,9
China,2008,Summer,170
China,2010,Winter,15
China,2012,Summer,117
China,2014,Winter,12
China,2016,Summer,109
China-1,1988,Summer,2
China-1,1992,Summer,6
China-1,1996,Summer,4
China-1,2000,Summer,6
China-1,2002,Winter,2
China-1,2004,Summer,8
China-1,2006,Winter,2
China-1,2008,Summer,10
China-1,2010,Winter,2
China-1,2012,Summer,6
China-1,2016,Summer,4
China-2,1992,Summer,6
China-2,1996,Summer,8
China-2,2000,Summer,8
China-2,2004,Summer,4
China-2,2008,Summer,4
China-2,2010,Winter,2
China-2,2012,Summer,2
China-3,2006,Winter,2
Chinese Taipei,1960,Summer,1
Chinese Taipei,1968,Summer,1
Chinese Taipei,1984,Summer,1
Chinese Taipei,1992,Summer,20
Chinese Taipei,1996,Summer,1
Chinese Taipei,2000,Summer,5
Chinese Taipei,2004,Summer,9
Chinese Taipei,2008,Summer,4
Chinese Taipei,2012,Summer,2
Chinese Taipei,2016,Summer,5
Christian Brothers' College-1,1904,Summer,11
Chuckles,1956,Summer,2
Cicely-1,1900,Summer,1
Cincinnati Archers,1904,Summer,8
Clearwater,2008,Summer,1
Club Nautique de Lyon-2,1900,Summer,4
Cobweb-1,1908,Summer,5
Colombia,1972,Summer,3
Colombia,1984,Summer,1
Colombia,1988,Summer,1
Colombia,1992,Summer,1
Colombia,2000,Summer,1
Colombia,2004,Summer,2
Colombia,2008,Summer,2
Colombia,2012,Summer,8
Colombia,2016,Summer,8
Comanche,1952,Summer,2
Complex II,1952,Summer,4
Cornwall,1908,Summer,15
Costa Rica,1988,Summer,1
Costa Rica,1996,Summer,1
Costa Rica,2000,Summer,2
Cote d'Ivoire,1984,Summer,1
Cote d'Ivoire,2016,Summer,2
Crabe II-1,1900,Summer,5
Crabe II-4,1900,Summer,5
Croatia,1992,Summer,15
Croatia,1996,Summer,28
Croatia,2000,Summer,10
Croatia,2002,Winter,4
Croatia,2004,Summer,21
Croatia,2006,Winter,3
Croatia,2008,Summer,5
Croatia,2010,Winter,3
Croatia,2012,Summer,35
Croatia,2014,Winter,1
Croatia,2016,Summer,24
Cuba,1900,Summer,2
Cuba,1904,Summer,5
Cuba,1964,Summer,1
Cuba,1968,Summer,10
Cuba,1972,Summer,22
Cuba,1976,Summer,24
Cuba,1980,Summer,20
Cuba,1992,Summer,69
Cuba,1996,Summer,55
Cuba,2000,Summer,65
Cuba,2004,Summer,62
Cuba,2008,Summer,47
Cuba,2012,Summer,14
Cuba,2016,Summer,11
Cyprus,2012,Summer,1
Czech Republic,1996,Summer,11
Czech Republic,1998,Winter,23
Czech Republic,2000,Summer,7
Czech Republic,2002,Winter,3
Czech Republic,2004,Summer,11
Czech Republic,2006,Winter,27
Czech Republic,2008,Summer,7
Czech Republic,2010,Winter,9
Czech Republic,2012,Summer,12
Czech Republic,2014,Winter,11
Czech Republic,2016,Summer,13
Czech Republic-1,1996,Summer,2
Czech Republic-1,2000,Summer,2
Czech Republic-1,2004,Summer,2
Czech Republic-1,2012,Summer,2
Czech Republic-1,2016,Summer,2
Czechoslovakia,1920,Summer,10
Czechoslovakia,1924,Summer,10
Czechoslovakia,1928,Summer,16
Czechoslovakia,1928,Winter,1
Czechoslovakia,1932,Summer,6
Czechoslovakia,1936,Summer,18
Czechoslovakia,1948,Summer,20
Czechoslovakia,1948,Winter,17
Czechoslovakia,1952,Summer,25
Czechoslovakia,1956,Summer,7
Czechoslovakia,1960,Summer,22
Czechoslovakia,1960,Winter,1
Czechoslovakia,1964,Summer,54
Czechoslovakia,1964,Winter,17
Czechoslovakia,1968,Summer,29
Czechoslovakia,1968,Winter,21
Czechoslovakia,1972,Summer,29
Czechoslovakia,1972,Winter,20
Czechoslovakia,1976,Summer,15
Czechoslovakia,1976,Winter,19
Czechoslovakia,1980,Summer,51
Czechoslovakia,1980,Winter,1
Czechoslovakia,1984,Winter,28
Czechoslovakia,1988,Summer,10
Czechoslovakia,1988,Winter,6
Czechoslovakia,1992,Summer,6
Czechoslovakia,1992,Winter,27
Czechoslovakia-1,1992,Summer,2
Denmark,1896,Summer,6
Denmark,1900,Summer,6
Denmark,1906,Summer,34
Denmark,1908,Summer,17
Denmark,1912,Summer,74
Denmark,1920,Summer,71
Denmark,1924,Summer,11
Denmark,1928,Summer,11
Denmark,1932,Summer,11
Denmark,1936,Summer,6
Denmark,1948,Summer,48
Denmark,1952,Summer,9
Denmark,1956,Summer,3
Denmark,1960,Summer,18
Denmark,1964,Summer,9
Denmark,1968,Summer,17
Denmark,1972,Summer,1
Denmark,1976,Summer,8
Denmark,1980,Summer,8
Denmark,1984,Summer,13
Denmark,1988,Summer,7
Denmark,1992,Summer,14
Denmark,1996,Summer,23
Denmark,1998,Winter,5
Denmark,2000,Summer,25
Denmark,2004,Summer,27
Denmark,2008,Summer,16
Denmark,2012,Summer,14
Denmark,2016,Summer,41
Denmark-1,2012,Summer,2
Denmark-2,2004,Summer,2
Denmark/Sweden,1900,Summer,6
Deutscher Schwimm Verband Berlin,1900,Summer,4
Devon and Somerset Wanderers,1900,Summer,12
Digby,2008,Summer,1
Djibouti,1988,Summer,1
Djinn,1948,Summer,5
Dominican Republic,1984,Summer,1
Dominican Republic,2004,Summer,1
Dominican Republic,2008,Summer,2
Dominican Republic,2012,Summer,2
Dominican Republic,2016,Summer,1
Don Schufro,2008,Summer,1
Dormy-1,1908,Summer,3
East Germany,1968,Summer,52
East Germany,1968,Winter,4
East Germany,1972,Summer,149
East Germany,1972,Winter,14
East Germany,1976,Summer,195
East Germany,1976,Winter,20
East Germany,1980,Summer,264
East Germany,1980,Winter,23
East Germany,1984,Winter,19
East Germany,1988,Summer,181
East Germany,1988,Winter,20
East Germany-1,1968,Winter,2
East Germany-1,1972,Summer,2
East Germany-1,1972,Winter,4
East Germany-1,1976,Winter,8
East Germany-1,1980,Winter,10
East Germany-1,1984,Winter,8
East Germany-1,1988,Winter,8
East Germany-2,1972,Winter,2
East Germany-2,1976,Winter,4
East Germany-2,1980,Winter,6
East Germany-2,1984,Winter,6
East Germany-2,1988,Winter,4
Ecuador,1996,Summer,1
Ecuador,2008,Summer,1
Edelweiss II-1,1920,Summer,3
Egypt,1928,Summer,4
Egypt,1936,Summer,5
Egypt,1948,Summer,5
Egypt,1952,Summer,1
Egypt,1984,Summer,1
Egypt,2004,Summer,5
Egypt,2008,Summer,1
Egypt,2012,Summer,2
Egypt,2016,Summer,3
Eleda,1920,Summer,7
Elisabeth V,1924,Summer,3
Elisabeth X,1952,Summer,5
Elsie,1920,Summer,4
Elvis Va,2008,Summer,1
Emily,1924,Summer,5
Encore,1952,Summer,3
England,1912,Summer,1
England-1,1908,Summer,11
England-1,1912,Summer,12
Eritrea,2004,Summer,1
Erna Signe,1912,Summer,10
Espadarte,1952,Summer,2
Esterel-1,1900,Summer,2
Estonia,1920,Summer,3
Estonia,1924,Summer,6
Estonia,1928,Summer,4
Estonia,1936,Summer,7
Estonia,1992,Summer,3
Estonia,2000,Summer,3
Estonia,2002,Winter,3
Estonia,2004,Summer,3
Estonia,2006,Winter,3
Estonia,2008,Summer,3
Estonia,2010,Winter,1
Estonia,2012,Summer,2
Estonia,2016,Summer,4
Ethiopia,1960,Summer,1
Ethiopia,1964,Summer,1
Ethiopia,1968,Summer,2
Ethiopia,1972,Summer,2
Ethiopia,1980,Summer,4
Ethiopia,1992,Summer,3
Ethiopia,1996,Summer,3
Ethiopia,2000,Summer,8
Ethiopia,2004,Summer,7
Ethiopia,2008,Summer,7
Ethiopia,2012,Summer,7
Ethiopia,2016,Summer,8
Ethnikos Gymnastikos Syllogos,1896,Summer,2
Falcon IV,1956,Summer,2
Fantlet-7,1900,Summer,1
Favorite Hammonia-3,1900,Summer,6
Favorite-1,1900,Summer,8
Femur-1,1900,Summer,1
Fiji,2016,Summer,13
Finland,1906,Summer,4
Finland,1908,Summer,30
Finland,1912,Summer,52
Finland,1920,Summer,52
Finland,1924,Summer,52
Finland,1924,Winter,15
Finland,1928,Summer,25
Finland,1928,Winter,4
Finland,1932,Summer,29
Finland,1932,Winter,3
Finland,1936,Summer,27
Finland,1936,Winter,9
Finland,1948,Summer,33
Finland,1948,Winter,9
Finland,1952,Summer,35
Finland,1952,Winter,12
Finland,1956,Summer,26
Finland,1956,Winter,12
Finland,1960,Summer,6
Finland,1960,Winter,13
Finland,1964,Summer,5
Finland,1964,Winter,15
Finland,1968,Summer,4
Finland,1968,Winter,8
Finland,1972,Summer,10
Finland,1972,Winter,10
Finland,1976,Summer,6
Finland,1976,Winter,16
Finland,1980,Summer,9
Finland,1980,Winter,12
Finland,1984,Summer,12
Finland,1984,Winter,19
Finland,1988,Summer,4
Finland,1988,Winter,34
Finland,1992,Summer,7
Finland,1992,Winter,13
Finland,1994,Winter,30
Finland,1996,Summer,4
Finland,1998,Winter,58
Finland,2000,Summer,5
Finland,2002,Winter,13
Finland,2004,Summer,2
Finland,2006,Winter,41
Finland,2008,Summer,5
Finland,2010,Winter,47
Finland,2012,Summer,5
Finland,2014,Winter,33
Finland,2016,Summer,1
Formosa,1900,Summer,1
Fornebo,1920,Summer,4
Foxhunters Hurlingham,1900,Summer,5
France,1896,Summer,11
France,1900,Summer,75
France,1904,Summer,1
France,1906,Summer,45
France,1908,Summer,36
France,1912,Summer,23
France,1920,Summer,134
France,1924,Summer,101
France,1924,Winter,8
France,1928,Summer,44
France,1928,Winter,2
France,1932,Summer,40
France,1932,Winter,2
France,1936,Summer,44
France,1936,Winter,1
France,1948,Summer,72
France,1948,Winter,5
France,1952,Summer,40
France,1952,Winter,1
France,1956,Summer,33
France,1960,Summer,12
France,1960,Winter,3
France,1964,Summer,31
France,1964,Winter,7
France,1968,Summer,27
France,1968,Winter,9
France,1972,Summer,22
France,1972,Winter,3
France,1976,Summer,20
France,1976,Winter,1
France,1980,Summer,29
France,1980,Winter,1
France,1984,Summer,67
France,1984,Winter,3
France,1988,Summer,29
France,1988,Winter,2
France,1992,Summer,55
France,1992,Winter,10
France,1994,Winter,11
France,1996,Summer,49
France,1998,Winter,13
France,2000,Summer,64
France,2002,Winter,13
France,2004,Summer,53
France,2006,Winter,15
France,2008,Summer,77
France,2010,Winter,14
France,2012,Summer,78
France,2014,Winter,18
France,2016,Summer,96
France-1,1900,Summer,4
France-1,1924,Summer,2
France-1,1924,Winter,2
France-1,1992,Summer,2
France-1,1992,Winter,2
France-1,1996,Summer,2
France-1,1998,Winter,2
France-1,2000,Summer,2
France-1,2002,Winter,2
France-1,2012,Summer,2
France-2,1924,Summer,2
France-2,2012,Summer,2
France-3,1920,Summer,4
France/Great Britain,1900,Summer,2
Frankfurt Club,1900,Summer,15
Frimousse,1900,Summer,1
Gabon,2012,Summer,1
Gallant,1932,Summer,5
Gallia II,1912,Summer,7
Galt Football Club,1904,Summer,13
Gem,1964,Summer,2
Gem IV,1956,Summer,2
Georgia,1996,Summer,2
Georgia,2000,Summer,6
Georgia,2004,Summer,4
Georgia,2008,Summer,6
Georgia,2012,Summer,7
Georgia,2016,Summer,7
Germania II,1936,Summer,6
"Germania Ruder Club, Hamburg-2",1900,Summer,5
Germany,1896,Summer,31
Germany,1900,Summer,2
Germany,1904,Summer,15
Germany,1906,Summer,30
Germany,1908,Summer,19
Germany,1912,Summer,39
Germany,1928,Summer,77
Germany,1932,Summer,43
Germany,1932,Winter,10
Germany,1936,Summer,215
Germany,1936,Winter,5
Germany,1952,Summer,37
Germany,1952,Winter,8
Germany,1956,Summer,52
Germany,1956,Winter,2
Germany,1960,Summer,86
Germany,1960,Winter,7
Germany,1964,Summer,113
Germany,1964,Winter,8
Germany,1992,Summer,198
Germany,1992,Winter,26
Germany,1994,Winter,30
Germany,1996,Summer,122
Germany,1998,Winter,34
Germany,2000,Summer,116
Germany,2002,Winter,49
Germany,2004,Summer,147
Germany,2006,Winter,44
Germany,2008,Summer,96
Germany,2010,Winter,42
Germany,2012,Summer,92
Germany,2014,Winter,32
Germany,2016,Summer,157
Germany-1,1932,Winter,4
Germany-1,1936,Winter,2
Germany-1,1952,Winter,4
Germany-1,1960,Winter,2
Germany-1,1964,Winter,2
Germany-1,1992,Winter,8
Germany-1,1994,Winter,6
Germany-1,1996,Summer,2
Germany-1,1998,Winter,6
Germany-1,2000,Summer,2
Germany-1,2002,Winter,4
Germany-1,2004,Summer,2
Germany-1,2006,Winter,10
Germany-1,2010,Winter,8
Germany-1,2012,Summer,2
Germany-1,2014,Winter,4
Germany-1,2016,Summer,2
Germany-2,1928,Winter,5
Germany-2,1992,Winter,4
Germany-2,1994,Winter,4
Germany-2,1998,Winter,4
Germany-2,2002,Winter,8
Germany-2,2010,Winter,4
Ghana,1960,Summer,1
Ghana,1964,Summer,1
Ghana,1972,Summer,1
Ghana,1992,Summer,20
Gitana-2,1900,Summer,10
Glider,1964,Summer,2
Great Britain,1896,Summer,7
Great Britain,1900,Summer,22
Great Britain,1904,Summer,2
Great Britain,1906,Summer,31
Great Britain,1908,Summer,167
Great Britain,1912,Summer,128
Great Britain,1920,Summer,101
Great Britain,1924,Summer,55
Great Britain,1924,Winter,27
Great Britain,1928,Summer,58
Great Britain,1928,Winter,1
Great Britain,1932,Summer,33
Great Britain,1936,Summer,30
Great Britain,1936,Winter,17
Great Britain,1948,Summer,59
Great Britain,1948,Winter,2
Great Britain,1952,Summer,31
Great Britain,1952,Winter,1
Great Britain,1956,Summer,37
Great Britain,1960,Summer,28
Great Britain,1964,Summer,26
Great Britain,1968,Summer,19
Great Britain,1972,Summer,29
Great Britain,1976,Summer,32
Great Britain,1976,Winter,1
Great Britain,1980,Summer,47
Great Britain,1980,Winter,1
Great Britain,1984,Summer,71
Great Britain,1988,Summer,54
Great Britain,1992,Summer,50
Great Britain,1994,Winter,3
Great Britain,1996,Summer,26
Great Britain,1998,Winter,4
Great Britain,2000,Summer,52
Great Britain,2002,Winter,6
Great Britain,2004,Summer,55
Great Britain,2006,Winter,1
Great Britain,2008,Summer,81
Great Britain,2010,Winter,1
Great Britain,2012,Summer,122
Great Britain,2014,Winter,10
Great Britain,2016,Summer,145
Great Britain-1,1900,Summer,2
Great Britain-1,1908,Summer,14
Great Britain-1,1912,Summer,2
Great Britain-1,1920,Summer,2
Great Britain-1,1924,Summer,2
Great Britain-1,1924,Winter,4
Great Britain-1,1964,Winter,2
Great Britain-1,1984,Winter,2
Great Britain-1,2004,Summer,2
Great Britain-1,2012,Summer,2
Great Britain-2,1900,Summer,2
Great Britain-2,1908,Summer,14
Great Britain-2,1912,Summer,4
Great Britain-2,1920,Summer,2
Great Britain-2,1924,Summer,2
Great Britain-2,2000,Summer,2
Great Britain-2,2012,Summer,2
Great Britain-3,1908,Summer,4
Great Britain-3,1920,Summer,2
Great Britain/Germany,1896,Summer,2
Greece,1896,Summer,44
Greece,1904,Summer,2
Greece,1906,Summer,28
Greece,1908,Summer,4
Greece,1912,Summer,2
Greece,1920,Summer,5
Greece,1924,Summer,1
Greece,1956,Summer,1
Greece,1968,Summer,1
Greece,1972,Summer,2
Greece,1980,Summer,5
Greece,1984,Summer,2
Greece,1988,Summer,1
Greece,1992,Summer,2
Greece,1996,Summer,8
Greece,2000,Summer,18
Greece,2004,Summer,31
Greece,2008,Summer,7
Greece,2012,Summer,3
Greece,2016,Summer,7
Greece-1,1896,Summer,2
Greece-1,1906,Summer,4
Greece-2,1906,Summer,2
Grenada,2012,Summer,1
Grenada,2016,Summer,1
Guatemala,2012,Summer,1
Gustel X,1952,Summer,3
Guyana,1980,Summer,1
Guyoni,1908,Summer,3
Gwendoline-2,1900,Summer,3
Gyrinus-1,1908,Summer,6
Haiti,1924,Summer,5
Haiti,1928,Summer,1
Heatherbell,1912,Summer,7
Heira II,1920,Summer,9
Hera-1,1908,Summer,10
Heroine,1908,Summer,4
Hi-Hi,1928,Summer,4
Hilarius,1948,Summer,2
Hojwa,1952,Summer,3
Hollandia,1928,Summer,6
Hong Kong,1996,Summer,1
Hong Kong,2012,Summer,1
Hong Kong-2,2004,Summer,2
Humbug V,1964,Summer,2
Hungary,1896,Summer,6
Hungary,1900,Summer,5
Hungary,1904,Summer,4
Hungary,1906,Summer,13
Hungary,1908,Summer,20
Hungary,1912,Summer,30
Hungary,1924,Summer,22
Hungary,1928,Summer,21
Hungary,1932,Summer,33
Hungary,1936,Summer,41
Hungary,1948,Summer,62
Hungary,1952,Summer,102
Hungary,1956,Summer,64
Hungary,1956,Winter,2
Hungary,1960,Summer,66
Hungary,1964,Summer,56
Hungary,1968,Summer,81
Hungary,1972,Summer,81
Hungary,1976,Summer,55
Hungary,1980,Summer,61
Hungary,1980,Winter,2
Hungary,1988,Summer,44
Hungary,1992,Summer,45
Hungary,1996,Summer,43
Hungary,2000,Summer,53
Hungary,2004,Summer,40
Hungary,2008,Summer,27
Hungary,2012,Summer,26
Hungary,2016,Summer,22
Hungary-1,1932,Winter,2
Hungary-1,1936,Winter,2
Hungary-1,1948,Winter,2
Hungary-1,1952,Winter,2
Hurlingham-2,1908,Summer,4
Iceland,1956,Summer,1
Iceland,1984,Summer,1
Iceland,2000,Summer,1
Iceland,2008,Summer,14
Independent Rowing Club-3,1904,Summer,2
India,1900,Summer,2
India,1924,Winter,7
India,1928,Summer,14
India,1932,Summer,15
India,1936,Summer,19
India,1948,Summer,20
India,1952,Summer,15
India,1956,Summer,17
India,1960,Summer,13
India,1964,Summer,15
India,1968,Summer,16
India,1972,Summer,14
India,1980,Summer,16
India,1996,Summer,1
India,2000,Summer,1
India,2004,Summer,1
India,2008,Summer,3
India,2012,Summer,6
India,2016,Summer,2
Individual Olympic Athletes,1992,Summer,3
Individual Olympic Athletes,2016,Summer,2
Indonesia,1988,Summer,3
Indonesia,1992,Summer,4
Indonesia,1996,Summer,4
Indonesia,2000,Summer,6
Indonesia,2004,Summer,3
Indonesia,2008,Summer,3
Indonesia,2012,Summer,2
Indonesia,2016,Summer,2
Indonesia-1,1992,Summer,2
Indonesia-1,1996,Summer,2
Indonesia-1,2000,Summer,2
Indonesia-1,2004,Summer,2
Indonesia-1,2008,Summer,4
Indonesia-1,2016,Summer,2
Iran,1948,Summer,1
Iran,1952,Summer,7
Iran,1956,Summer,5
Iran,1960,Summer,4
Iran,1964,Summer,2
Iran,1968,Summer,5
Iran,1972,Summer,3
Iran,1976,Summer,2
Iran,1988,Summer,1
Iran,1992,Summer,3
Iran,1996,Summer,3
Iran,2000,Summer,4
Iran,2004,Summer,6
Iran,2008,Summer,2
Iran,2012,Summer,12
Iran,2016,Summer,8
Iraq,1960,Summer,1
Ireland,1924,Summer,2
Ireland,1928,Summer,1
Ireland,1932,Summer,2
Ireland,1948,Summer,1
Ireland,1952,Summer,1
Ireland,1956,Summer,5
Ireland,1964,Summer,1
Ireland,1980,Summer,3
Ireland,1984,Summer,1
Ireland,1992,Summer,2
Ireland,1996,Summer,4
Ireland,2000,Summer,1
Ireland,2008,Summer,3
Ireland,2012,Summer,5
Ireland,2016,Summer,3
Ireland-2,1908,Summer,12
Ireland-3,1908,Summer,4
Irene,1920,Summer,5
Israel,1992,Summer,2
Israel,1996,Summer,1
Israel,2000,Summer,1
Israel,2004,Summer,2
Israel,2008,Summer,1
Israel,2016,Summer,2
Italia,1936,Summer,6
Italy,1900,Summer,5
Italy,1906,Summer,9
Italy,1908,Summer,8
Italy,1912,Summer,25
Italy,1920,Summer,84
Italy,1924,Summer,51
Italy,1928,Summer,72
Italy,1932,Summer,77
Italy,1936,Summer,70
Italy,1948,Summer,67
Italy,1948,Winter,1
Italy,1952,Summer,52
Italy,1952,Winter,2
Italy,1956,Summer,45
Italy,1960,Summer,85
Italy,1960,Winter,1
Italy,1964,Summer,51
Italy,1968,Summer,33
Italy,1968,Winter,2
Italy,1972,Summer,25
Italy,1972,Winter,3
Italy,1976,Summer,31
Italy,1976,Winter,4
Italy,1980,Summer,37
Italy,1980,Winter,1
Italy,1984,Summer,63
Italy,1984,Winter,2
Italy,1988,Summer,29
Italy,1988,Winter,8
Italy,1992,Summer,45
Italy,1992,Winter,19
Italy,1994,Winter,26
Italy,1996,Summer,71
Italy,1998,Winter,15
Italy,2000,Summer,65
Italy,2002,Winter,19
Italy,2004,Summer,104
Italy,2006,Winter,21
Italy,2008,Summer,42
Italy,2010,Winter,5
Italy,2012,Summer,68
Italy,2014,Winter,14
Italy,2016,Summer,70
Italy-1,1956,Winter,2
Italy-1,1964,Winter,4
Italy-1,1968,Winter,6
Italy-1,1972,Winter,6
Italy-1,1980,Winter,2
Italy-1,1992,Winter,2
Italy-1,1994,Winter,4
Italy-1,1998,Winter,2
Italy-1,2002,Winter,2
Italy-1,2006,Winter,4
Italy-1,2016,Summer,2
Italy-2,1956,Winter,6
Italy-2,1964,Winter,6
Italy-2,1994,Winter,2
Jamaica,1948,Summer,3
Jamaica,1952,Summer,8
Jamaica,1968,Summer,1
Jamaica,1972,Summer,1
Jamaica,1976,Summer,2
Jamaica,1980,Summer,3
Jamaica,1984,Summer,7
Jamaica,1988,Summer,7
Jamaica,1992,Summer,4
Jamaica,1996,Summer,16
Jamaica,2000,Summer,23
Jamaica,2004,Summer,13
Jamaica,2008,Summer,14
Jamaica,2012,Summer,25
Jamaica,2016,Summer,30
Japan,1920,Summer,3
Japan,1924,Summer,1
Japan,1928,Summer,9
Japan,1932,Summer,31
Japan,1936,Summer,23
Japan,1952,Summer,12
Japan,1956,Summer,24
Japan,1956,Winter,1
Japan,1960,Summer,31
Japan,1964,Summer,62
Japan,1968,Summer,63
Japan,1972,Summer,56
Japan,1972,Winter,3
Japan,1976,Summer,41
Japan,1980,Winter,1
Japan,1984,Summer,49
Japan,1984,Winter,1
Japan,1988,Summer,20
Japan,1988,Winter,1
Japan,1992,Summer,47
Japan,1992,Winter,12
Japan,1994,Winter,10
Japan,1996,Summer,42
Japan,1998,Winter,13
Japan,2000,Summer,44
Japan,2002,Winter,2
Japan,2004,Summer,93
Japan,2006,Winter,1
Japan,2008,Summer,51
Japan,2010,Winter,7
Japan,2012,Summer,82
Japan,2014,Winter,11
Japan,2016,Summer,64
Japan-1,2012,Summer,2
Jest,1956,Summer,2
Jo,1920,Summer,3
Jordan,2016,Summer,1
Joy,1932,Summer,2
Jupiter,1932,Summer,2
K Division Metropolitan Police Team-3,1908,Summer,8
Kathleen,1956,Summer,2
Kazakhstan,1994,Winter,3
Kazakhstan,1996,Summer,11
Kazakhstan,1998,Winter,2
Kazakhstan,2000,Summer,7
Kazakhstan,2004,Summer,8
Kazakhstan,2008,Summer,13
Kazakhstan,2010,Winter,1
Kazakhstan,2012,Summer,13
Kazakhstan,2014,Winter,1
Kazakhstan,2016,Summer,18
Kenya,1964,Summer,1
Kenya,1968,Summer,12
Kenya,1972,Summer,12
Kenya,1984,Summer,3
Kenya,1988,Summer,9
Kenya,1992,Summer,8
Kenya,1996,Summer,8
Kenya,2000,Summer,7
Kenya,2004,Summer,7
Kenya,2008,Summer,15
Kenya,2012,Summer,11
Kenya,2016,Summer,13
Kerstin-1,1912,Summer,3
Kitty-1,1912,Summer,8
Kosovo,2016,Summer,1
Kristiania Roklub-1,1912,Summer,5
Kullan,1920,Summer,3
Kurush II,1948,Summer,2
Kuwait,2000,Summer,1
Kuwait,2012,Summer,1
Kyrgyzstan,2000,Summer,1
Kyrgyzstan,2008,Summer,2
L'Aile VI,1928,Summer,6
Lady C,1964,Summer,2
Lalage,1936,Summer,5
"Large boat, Central Naval Prep School ""Poros""-1",1906,Summer,17
Latvia,1932,Summer,1
Latvia,1936,Summer,2
Latvia,1992,Summer,3
Latvia,1996,Summer,1
Latvia,2000,Summer,3
Latvia,2004,Summer,4
Latvia,2006,Winter,1
Latvia,2008,Summer,3
Latvia,2010,Winter,1
Latvia,2012,Summer,1
Latvia,2014,Winter,5
Latvia-1,2010,Winter,2
Latvia-1,2012,Summer,2
Latvia-1,2014,Winter,6
Laurea-1,1900,Summer,1
Leander Club #1-1,1908,Summer,2
Leander Club #2-2,1908,Summer,2
Leander Club-1,1908,Summer,9
Leander Club-1,1912,Summer,9
Leander Club-2,1908,Summer,4
Lebanon,1952,Summer,2
Lebanon,1972,Summer,1
Lebanon,1980,Summer,1
Lerina,1900,Summer,6
Libellule de Paris,1900,Summer,7
Liechtenstein,1976,Winter,2
Liechtenstein,1980,Winter,4
Liechtenstein,1984,Winter,2
Liechtenstein,1988,Winter,1
"Life boat naval ship ""Spetsai""-1",1906,Summer,7
Lithuania,1992,Summer,13
Lithuania,1996,Summer,11
Lithuania,2000,Summer,17
Lithuania,2004,Summer,3
Lithuania,2008,Summer,5
Lithuania,2012,Summer,5
Lithuania,2016,Summer,7
Liverpool Police Team-2,1908,Summer,8
Llanoria,1948,Summer,5
Llanoria,1952,Summer,6
London City Police-1,1908,Summer,8
Lucky Girl-1,1912,Summer,5
Ludwigshafener Ruder Verein-1,1900,Summer,5
Ludwigshafener Ruderverein,1912,Summer,5
Lully II,1936,Summer,5
Luxembourg,1900,Summer,1
Luxembourg,1920,Summer,1
Luxembourg,1924,Summer,2
Luxembourg,1928,Summer,1
Luxembourg,1952,Summer,1
Luxembourg,1992,Winter,2
Lyn-2,1920,Summer,5
Ma'Lindo,1960,Summer,2
Mac Miche,1912,Summer,3
Macedonia,2000,Summer,1
Macky VI,1960,Summer,3
Magda IX,1912,Summer,10
Magdalen College Boat Club-1,1908,Summer,4
Malaysia,1996,Summer,1
Malaysia,2008,Summer,1
Malaysia,2012,Summer,2
Malaysia,2016,Summer,8
Malaysia-1,1996,Summer,2
Malaysia-2,1992,Summer,2
Margaret,1948,Summer,2
"Marinai della nave da guerra ""Varese""",1906,Summer,24
Marmi II-1,1920,Summer,3
Martha-1,1900,Summer,8
Mascotte,1900,Summer,3
Mauritius,2008,Summer,1
May Be,1936,Summer,5
Merope,1952,Summer,2
Merope III,1956,Summer,2
Mexico,1932,Summer,2
Mexico,1936,Summer,16
Mexico,1948,Summer,9
Mexico,1952,Summer,1
Mexico,1956,Summer,2
Mexico,1960,Summer,1
Mexico,1964,Summer,1
Mexico,1968,Summer,9
Mexico,1972,Summer,1
Mexico,1976,Summer,2
Mexico,1980,Summer,10
Mexico,1984,Summer,6
Mexico,1988,Summer,2
Mexico,1992,Summer,1
Mexico,1996,Summer,1
Mexico,2000,Summer,6
Mexico,2004,Summer,4
Mexico,2008,Summer,4
Mexico,2012,Summer,24
Mexico,2016,Summer,5
Mignon-3,1900,Summer,1
Milwaukee Athletic Club-1,1904,Summer,5
Minerva Amsterdam,1900,Summer,17
Minotaur,1960,Summer,3
Missouri Athletic Club-3,1904,Summer,11
Mohawk Indians-2,1904,Summer,12
Moldova,1996,Summer,3
Moldova,2000,Summer,2
Moldova,2008,Summer,1
Moldova,2012,Summer,2
Monaco,1924,Summer,1
Mongolia,1968,Summer,4
Mongolia,1972,Summer,1
Mongolia,1976,Summer,1
Mongolia,1980,Summer,4
Mongolia,1988,Summer,1
Mongolia,1992,Summer,2
Mongolia,1996,Summer,1
Mongolia,2004,Summer,1
Mongolia,2008,Summer,4
Mongolia,2012,Summer,5
Mongolia,2016,Summer,2
Montenegro,2012,Summer,14
Morocco,1960,Summer,1
Morocco,1984,Summer,2
Morocco,1988,Summer,3
Morocco,1992,Summer,3
Morocco,1996,Summer,2
Morocco,2000,Summer,5
Morocco,2004,Summer,3
Morocco,2008,Summer,2
Morocco,2012,Summer,1
Morocco,2016,Summer,1
Moseley Wanderers,1900,Summer,15
Mosk II,1920,Summer,7
Mouchette-2,1908,Summer,10
Mound City Rowing Club-2,1904,Summer,4
Mozambique,1996,Summer,1
Mozambique,2000,Summer,1
Mutafo,1964,Summer,3
Nadine,2008,Summer,1
Namibia,1992,Summer,2
Namibia,1996,Summer,2
Namoussa,1924,Summer,5
Nepal,1924,Winter,1
Netherlands,1900,Summer,6
Netherlands,1906,Summer,6
Netherlands,1908,Summer,12
Netherlands,1912,Summer,26
Netherlands,1920,Summer,42
Netherlands,1924,Summer,24
Netherlands,1928,Summer,51
Netherlands,1932,Summer,13
Netherlands,1936,Summer,34
Netherlands,1948,Summer,40
Netherlands,1952,Summer,18
Netherlands,1952,Winter,3
Netherlands,1960,Summer,3
Netherlands,1960,Winter,2
Netherlands,1964,Summer,31
Netherlands,1964,Winter,2
Netherlands,1968,Summer,14
Netherlands,1968,Winter,9
Netherlands,1972,Summer,6
Netherlands,1972,Winter,9
Netherlands,1976,Summer,14
Netherlands,1976,Winter,6
Netherlands,1980,Summer,6
Netherlands,1980,Winter,4
Netherlands,1984,Summer,41
Netherlands,1988,Summer,45
Netherlands,1988,Winter,7
Netherlands,1992,Summer,33
Netherlands,1992,Winter,4
Netherlands,1994,Winter,4
Netherlands,1996,Summer,73
Netherlands,1998,Winter,11
Netherlands,2000,Summer,79
Netherlands,2002,Winter,8
Netherlands,2004,Summer,77
Netherlands,2006,Winter,13
Netherlands,2008,Summer,58
Netherlands,2010,Winter,11
Netherlands,2012,Summer,69
Netherlands,2014,Winter,29
Netherlands,2016,Summer,45
Netherlands Antilles,1988,Summer,1
Netherlands-1,2016,Summer,2
"New College, Oxford-2",1912,Summer,9
New York Athletic Club,1904,Summer,5
New York Athletic Club #1-1,1904,Summer,4
New York Athletic Club-1,1904,Summer,7
"New York Turnverein, New York",1904,Summer,6
New Zealand,1920,Summer,1
New Zealand,1924,Summer,1
New Zealand,1928,Summer,1
New Zealand,1932,Summer,2
New Zealand,1936,Summer,1
New Zealand,1952,Summer,3
New Zealand,1956,Summer,1
New Zealand,1960,Summer,3
New Zealand,1964,Summer,4
New Zealand,1968,Summer,7
New Zealand,1972,Summer,14
New Zealand,1976,Summer,25
New Zealand,1984,Summer,23
New Zealand,1988,Summer,24
New Zealand,1992,Summer,15
New Zealand,1992,Winter,1
New Zealand,1996,Summer,9
New Zealand,2000,Summer,4
New Zealand,2004,Summer,6
New Zealand,2008,Summer,15
New Zealand,2012,Summer,27
New Zealand,2016,Summer,36
Niger,1972,Summer,1
Niger,2016,Summer,1
Nigeria,1964,Summer,1
Nigeria,1972,Summer,1
Nigeria,1984,Summer,5
Nigeria,1992,Summer,11
Nigeria,1996,Summer,24
Nigeria,2000,Summer,8
Nigeria,2004,Summer,8
Nigeria,2008,Summer,23
Nigeria,2016,Summer,18
Nina,1912,Summer,7
Nina Claire-2,1900,Summer,4
Nirefs,1960,Summer,3
Norna,1928,Summer,4
North Korea,1964,Winter,1
North Korea,1972,Summer,15
North Korea,1976,Summer,2
North Korea,1980,Summer,5
North Korea,1992,Summer,8
North Korea,1992,Winter,1
North Korea,1996,Summer,5
North Korea,2000,Summer,4
North Korea,2004,Summer,5
North Korea,2008,Summer,6
North Korea,2012,Summer,6
North Korea,2016,Summer,7
North Korea-1,1992,Summer,2
Norway,1900,Summer,9
Norway,1904,Summer,2
Norway,1906,Summer,25
Norway,1908,Summer,42
Norway,1912,Summer,55
Norway,1920,Summer,78
Norway,1924,Summer,14
Norway,1924,Winter,17
Norway,1928,Summer,5
Norway,1928,Winter,15
Norway,1932,Winter,10
Norway,1936,Summer,17
Norway,1936,Winter,18
Norway,1948,Summer,15
Norway,1948,Winter,13
Norway,1952,Summer,2
Norway,1952,Winter,19
Norway,1956,Summer,3
Norway,1956,Winter,4
Norway,1960,Winter,9
Norway,1964,Winter,15
Norway,1968,Summer,6
Norway,1968,Winter,22
Norway,1972,Summer,8
Norway,1972,Winter,17
Norway,1976,Summer,6
Norway,1976,Winter,10
Norway,1980,Winter,15
Norway,1984,Summer,4
Norway,1984,Winter,15
Norway,1988,Summer,22
Norway,1988,Winter,11
Norway,1992,Summer,23
Norway,1992,Winter,24
Norway,1994,Winter,30
Norway,1996,Summer,23
Norway,1998,Winter,40
Norway,2000,Summer,43
Norway,2002,Winter,41
Norway,2004,Summer,7
Norway,2006,Winter,23
Norway,2008,Summer,22
Norway,2010,Winter,39
Norway,2012,Summer,17
Norway,2014,Winter,36
Norway,2016,Summer,19
Nrnberg,1936,Summer,1
Nurdug II,1912,Summer,3
Nykjbings paa Falster,1912,Summer,5
Olle,1900,Summer,6
Omas Helliniki P. S.,1906,Summer,8
Oranje,1920,Summer,3
Ormsund Roklub-2,1912,Summer,5
"Osborne Swimming Club, Manchester",1900,Summer,7
Pakistan,1956,Summer,14
Pakistan,1960,Summer,14
Pakistan,1964,Summer,16
Pakistan,1968,Summer,13
Pakistan,1972,Summer,15
Pakistan,1976,Summer,16
Pakistan,1984,Summer,16
Pakistan,1988,Summer,1
Pakistan,1992,Summer,16
Pan,1948,Summer,3
Pan,1952,Summer,3
Panama,1948,Summer,2
Panama,2008,Summer,1
Pandora,1964,Summer,2
Paraguay,2004,Summer,17
Peru,1948,Summer,1
Peru,1984,Summer,1
Peru,1988,Summer,12
Peru,1992,Summer,1
"Phalainis ton Thorichtou ""Hydra""-2",1906,Summer,24
"Philadelphia Turngemeinde, Philadelphia",1904,Summer,6
Philippines,1928,Summer,1
Philippines,1932,Summer,3
Philippines,1936,Summer,1
Philippines,1964,Summer,1
Philippines,1988,Summer,1
Philippines,1992,Summer,1
Philippines,1996,Summer,1
Philippines,2016,Summer,1
Pistoja/Firenze,1906,Summer,9
Poland,1924,Summer,5
Poland,1928,Summer,20
Poland,1932,Summer,21
Poland,1936,Summer,12
Poland,1948,Summer,2
Poland,1952,Summer,4
Poland,1956,Summer,19
Poland,1956,Winter,1
Poland,1960,Summer,30
Poland,1960,Winter,2
Poland,1964,Summer,46
Poland,1968,Summer,37
Poland,1972,Summer,46
Poland,1972,Winter,1
Poland,1976,Summer,73
Poland,1980,Summer,50
Poland,1988,Summer,21
Poland,1992,Summer,46
Poland,1996,Summer,22
Poland,2000,Summer,22
Poland,2002,Winter,2
Poland,2004,Summer,12
Poland,2006,Winter,2
Poland,2008,Summer,20
Poland,2010,Winter,8
Poland,2012,Summer,12
Poland,2014,Winter,11
Poland,2016,Summer,16
Poland-1,2000,Summer,2
Polyteknisk Roklub-1,1912,Summer,5
Portugal,1924,Summer,4
Portugal,1928,Summer,6
Portugal,1936,Summer,3
Portugal,1948,Summer,3
Portugal,1976,Summer,2
Portugal,1984,Summer,3
Portugal,1988,Summer,1
Portugal,1996,Summer,3
Portugal,2000,Summer,2
Portugal,2004,Summer,3
Portugal,2008,Summer,2
Portugal,2012,Summer,2
Portugal,2016,Summer,1
Potomac Archers,1904,Summer,4
Potsdam,1936,Summer,1
Puerto Rico,1948,Summer,1
Puerto Rico,1976,Summer,1
Puerto Rico,1984,Summer,2
Puerto Rico,1992,Summer,1
Puerto Rico,1996,Summer,1
Puerto Rico,2012,Summer,2
Puerto Rico,2016,Summer,1
Pupilles de Neptune de Lille #2-1,1900,Summer,8
Pupilles de Neptune de Lille-1,1900,Summer,4
Qatar,1992,Summer,1
Qatar,2000,Summer,1
Qatar,2012,Summer,2
Qatar,2016,Summer,1
Quand-Mme-2,1900,Summer,9
Racing Club de France,1900,Summer,11
Ralia,1952,Summer,5
Ravenswood Boat Club-2,1904,Summer,2
Roddklubben af 1912-1,1912,Summer,5
Roehampton-1,1908,Summer,4
Romania,1924,Summer,16
Romania,1936,Summer,1
Romania,1952,Summer,4
Romania,1956,Summer,19
Romania,1960,Summer,15
Romania,1964,Summer,16
Romania,1968,Summer,23
Romania,1972,Summer,40
Romania,1976,Summer,55
Romania,1980,Summer,68
Romania,1984,Summer,106
Romania,1988,Summer,58
Romania,1992,Summer,53
Romania,1996,Summer,38
Romania,2000,Summer,46
Romania,2004,Summer,39
Romania,2008,Summer,22
Romania,2012,Summer,16
Romania,2016,Summer,16
Romania-1,1968,Winter,2
Rose Pompon,1920,Summer,3
Rostock,1936,Summer,1
Rowing Club Castillon-3,1900,Summer,3
Royal Club Nautique de Gand,1900,Summer,9
Royal Club Nautique de Gand,1906,Summer,3
Royal Club Nautique de Gand,1908,Summer,9
Rush V,1956,Summer,3
Rush VII,1964,Summer,3
Russia,1908,Summer,3
Russia,1912,Summer,7
Russia,1994,Winter,28
Russia,1996,Summer,115
Russia,1998,Winter,44
Russia,2000,Summer,187
Russia,2002,Winter,34
Russia,2004,Summer,189
Russia,2006,Winter,33
Russia,2008,Summer,142
Russia,2010,Winter,21
Russia,2012,Summer,138
Russia,2014,Winter,56
Russia,2016,Summer,113
Russia-1,1994,Winter,4
Russia-1,1998,Winter,4
Russia-1,2002,Winter,4
Russia-1,2006,Winter,8
Russia-1,2010,Winter,4
Russia-1,2012,Summer,2
Russia-1,2014,Winter,10
Russia-2,1994,Winter,4
Russia-2,1998,Winter,4
Russia-2,2014,Winter,2
Russia-2,2016,Summer,2
Salinero,2008,Summer,1
Sans Atout-1,1912,Summer,5
Santa Maria,1932,Summer,6
Sarcelle-3,1900,Summer,3
Satchmo,2008,Summer,1
Saudi Arabia,2000,Summer,2
Saudi Arabia,2012,Summer,4
Scamasaxe-2,1900,Summer,2
Scamasaxe-3,1900,Summer,2
Scotia,1900,Summer,6
Scotland-3,1908,Summer,11
Seawanhaka Boat Club-1,1904,Summer,2
Senegal,1988,Summer,1
Serbia,2008,Summer,15
Serbia,2012,Summer,16
Serbia,2016,Summer,54
Serbia and Montenegro,1996,Summer,26
Serbia and Montenegro,2000,Summer,25
Serbia and Montenegro,2004,Summer,13
Shrew II,1960,Summer,2
Sif,1920,Summer,4
Sildra-1,1920,Summer,4
Silja,1936,Summer,6
Singapore,1960,Summer,1
Singapore,2008,Summer,3
Singapore,2012,Summer,4
Singapore,2016,Summer,1
Sirene,1960,Summer,2
Skum,1960,Summer,2
Slaghoken,1948,Summer,3
Slaghoken II,1956,Summer,3
Slovakia,1996,Summer,3
Slovakia,2000,Summer,6
Slovakia,2004,Summer,10
Slovakia,2006,Winter,1
Slovakia,2008,Summer,10
Slovakia,2010,Winter,3
Slovakia,2012,Summer,5
Slovakia,2014,Winter,1
Slovakia,2016,Summer,8
Slovenia,1992,Summer,6
Slovenia,1994,Winter,3
Slovenia,1996,Summer,2
Slovenia,2000,Summer,3
Slovenia,2002,Winter,4
Slovenia,2004,Summer,5
Slovenia,2008,Summer,5
Slovenia,2010,Winter,3
Slovenia,2012,Summer,5
Slovenia,2014,Winter,8
Slovenia,2016,Summer,4
Smyrna,1906,Summer,11
Snap,1948,Summer,3
Societ Nautique de la Marne-1,1900,Summer,2
Socit Nautique de Bayonne-1,1906,Summer,3
Socit Nautique de Bayonne-2,1906,Summer,5
Socit Nautique de la Basse Seine-1,1906,Summer,8
Sorais-2,1908,Summer,5
South Africa,1908,Summer,2
South Africa,1912,Summer,7
South Africa,1920,Summer,21
South Africa,1924,Summer,3
South Africa,1928,Summer,6
South Africa,1932,Summer,5
South Africa,1936,Summer,1
South Africa,1948,Summer,6
South Africa,1952,Summer,14
South Africa,1956,Summer,7
South Africa,1960,Summer,3
South Africa,1992,Summer,3
South Africa,1996,Summer,5
South Africa,2000,Summer,5
South Africa,2004,Summer,10
South Africa,2008,Summer,1
South Africa,2012,Summer,9
South Africa,2016,Summer,23
South Korea,1948,Summer,2
South Korea,1952,Summer,2
South Korea,1956,Summer,2
South Korea,1964,Summer,3
South Korea,1968,Summer,2
South Korea,1972,Summer,1
South Korea,1976,Summer,17
South Korea,1984,Summer,41
South Korea,1988,Summer,75
South Korea,1992,Summer,37
South Korea,1992,Winter,7
South Korea,1994,Winter,9
South Korea,1996,Summer,56
South Korea,1998,Winter,12
South Korea,2000,Summer,67
South Korea,2002,Winter,7
South Korea,2004,Summer,46
South Korea,2006,Winter,19
South Korea,2008,Summer,72
South Korea,2010,Winter,18
South Korea,2012,Summer,59
South Korea,2014,Winter,14
South Korea,2016,Summer,24
South Korea-1,1992,Summer,8
South Korea-1,1996,Summer,4
South Korea-1,2000,Summer,4
South Korea-1,2004,Summer,4
South Korea-1,2008,Summer,6
South Korea-1,2012,Summer,2
South Korea-1,2016,Summer,2
South Korea-2,1988,Summer,2
South Korea-2,1992,Summer,4
South Korea-2,1996,Summer,6
South Korea-2,2000,Summer,2
South Korea-2,2004,Summer,2
Soviet Union,1952,Summer,117
Soviet Union,1956,Summer,169
Soviet Union,1956,Winter,37
Soviet Union,1960,Summer,167
Soviet Union,1960,Winter,42
Soviet Union,1964,Summer,174
Soviet Union,1964,Winter,45
Soviet Union,1968,Summer,192
Soviet Union,1968,Winter,33
Soviet Union,1972,Summer,214
Soviet Union,1972,Winter,41
Soviet Union,1976,Summer,286
Soviet Union,1976,Winter,50
Soviet Union,1980,Summer,442
Soviet Union,1980,Winter,46
Soviet Union,1984,Winter,44
Soviet Union,1988,Summer,300
Soviet Union,1988,Winter,52
Soviet Union-1,1964,Winter,2
Soviet Union-1,1968,Winter,2
Soviet Union-1,1972,Winter,2
Soviet Union-1,1976,Winter,4
Soviet Union-1,1980,Winter,4
Soviet Union-1,1984,Winter,6
Soviet Union-1,1988,Winter,6
Soviet Union-2,1968,Winter,2
Soviet Union-2,1972,Winter,2
Soviet Union-2,1976,Winter,2
Soviet Union-2,1980,Winter,4
Soviet Union-2,1984,Winter,6
Soviet Union-2,1988,Winter,8
Spain,1900,Summer,2
Spain,1920,Summer,23
Spain,1928,Summer,3
Spain,1932,Summer,1
Spain,1948,Summer,3
Spain,1952,Summer,1
Spain,1960,Summer,14
Spain,1972,Summer,1
Spain,1972,Winter,1
Spain,1976,Summer,6
Spain,1980,Summer,24
Spain,1984,Summer,19
Spain,1988,Summer,5
Spain,1992,Summer,69
Spain,1992,Winter,1
Spain,1996,Summer,66
Spain,2000,Summer,42
Spain,2004,Summer,28
Spain,2008,Summer,68
Spain,2012,Summer,63
Spain,2016,Summer,43
Spain-1,2008,Summer,2
Spain-2,2004,Summer,2
Spain-2,2016,Summer,2
Sri Lanka,1948,Summer,1
Sri Lanka,2000,Summer,1
St. Louis Amateur Athletic Association,1904,Summer,12
St. Louis Southwest Turnverein #1-2,1904,Summer,5
St. Louis Southwest Turnverein #2-3,1904,Summer,5
St. Rose-2,1904,Summer,12
Starita,1948,Summer,2
Stella-2,1920,Summer,3
Sudan,2008,Summer,1
Sunrise,2008,Summer,1
Sunshine,1936,Summer,2
Suriname,1988,Summer,1
Suriname,1992,Summer,1
Sweden,1900,Summer,1
Sweden,1906,Summer,21
Sweden,1908,Summer,79
Sweden,1912,Summer,153
Sweden,1920,Summer,143
Sweden,1924,Summer,72
Sweden,1924,Winter,9
Sweden,1928,Summer,31
Sweden,1928,Winter,16
Sweden,1932,Summer,26
Sweden,1932,Winter,3
Sweden,1936,Summer,28
Sweden,1936,Winter,10
Sweden,1948,Summer,67
Sweden,1948,Winter,13
Sweden,1952,Summer,64
Sweden,1952,Winter,23
Sweden,1956,Summer,28
Sweden,1956,Winter,15
Sweden,1960,Summer,7
Sweden,1960,Winter,9
Sweden,1964,Summer,10
Sweden,1964,Winter,28
Sweden,1968,Summer,9
Sweden,1968,Winter,16
Sweden,1972,Summer,22
Sweden,1972,Winter,4
Sweden,1976,Summer,10
Sweden,1976,Winter,2
Sweden,1980,Summer,20
Sweden,1980,Winter,23
Sweden,1984,Summer,34
Sweden,1984,Winter,30
Sweden,1988,Summer,16
Sweden,1988,Winter,30
Sweden,1992,Summer,35
Sweden,1992,Winter,7
Sweden,1994,Winter,24
Sweden,1996,Summer,31
Sweden,1998,Winter,7
Sweden,2000,Summer,32
Sweden,2002,Winter,26
Sweden,2004,Summer,12
Sweden,2006,Winter,64
Sweden,2008,Summer,5
Sweden,2010,Winter,18
Sweden,2012,Summer,22
Sweden,2014,Winter,51
Sweden,2016,Summer,28
Sweden-1,1912,Summer,2
Sweden-2,1912,Summer,2
Sweden-2,2008,Summer,2
Sweden-3,1912,Summer,2
Swedish Star,1932,Summer,2
Swift,1948,Summer,2
Switzerland,1896,Summer,3
Switzerland,1900,Summer,15
Switzerland,1904,Summer,3
Switzerland,1906,Summer,12
Switzerland,1912,Summer,2
Switzerland,1920,Summer,29
Switzerland,1924,Summer,60
Switzerland,1924,Winter,5
Switzerland,1928,Summer,30
Switzerland,1928,Winter,12
Switzerland,1932,Summer,1
Switzerland,1936,Summer,52
Switzerland,1948,Summer,36
Switzerland,1948,Winter,24
Switzerland,1952,Summer,33
Switzerland,1956,Summer,3
Switzerland,1956,Winter,4
Switzerland,1960,Summer,9
Switzerland,1960,Winter,2
Switzerland,1964,Summer,6
Switzerland,1968,Summer,13
Switzerland,1968,Winter,5
Switzerland,1972,Summer,8
Switzerland,1972,Winter,11
Switzerland,1976,Summer,10
Switzerland,1976,Winter,3
Switzerland,1980,Summer,2
Switzerland,1980,Winter,3
Switzerland,1984,Summer,13
Switzerland,1984,Winter,4
Switzerland,1988,Summer,8
Switzerland,1988,Winter,16
Switzerland,1992,Summer,1
Switzerland,1992,Winter,1
Switzerland,1994,Winter,8
Switzerland,1996,Summer,11
Switzerland,1998,Winter,10
Switzerland,2000,Summer,14
Switzerland,2002,Winter,20
Switzerland,2004,Summer,5
Switzerland,2006,Winter,15
Switzerland,2008,Summer,11
Switzerland,2010,Winter,12
Switzerland,2012,Summer,4
Switzerland,2014,Winter,28
Switzerland,2016,Summer,11
Switzerland-1,1924,Winter,4
Switzerland-1,1936,Winter,4
Switzerland-1,1948,Winter,2
Switzerland-1,1952,Winter,6
Switzerland-1,1956,Winter,6
Switzerland-1,1968,Winter,4
Switzerland-1,1972,Winter,6
Switzerland-1,1976,Winter,2
Switzerland-1,1980,Winter,4
Switzerland-1,1984,Winter,4
Switzerland-1,1988,Winter,4
Switzerland-1,1992,Winter,6
Switzerland-1,1994,Winter,6
Switzerland-1,1998,Winter,4
Switzerland-1,2002,Winter,2
Switzerland-1,2006,Winter,6
Switzerland-1,2014,Winter,2
Switzerland-2,1932,Winter,2
Switzerland-2,1936,Winter,6
Switzerland-2,1948,Winter,2
Switzerland-2,1976,Winter,4
Switzerland-2,1980,Winter,2
Switzerland-2,1994,Winter,2
Switzerland-2,2002,Winter,2
Switzerland-2,2004,Summer,2
Sylvia,1928,Summer,6
Symphony,1948,Summer,2
Syria,1984,Summer,1
Syria,1996,Summer,1
Syria,2004,Summer,1
Taifun,1912,Summer,5
Tajikistan,2008,Summer,2
Tajikistan,2012,Summer,1
Tajikistan,2016,Summer,1
Tan-Fe-Pah,1920,Summer,3
Tango,1960,Summer,3
Tanzania,1980,Summer,2
Thailand,1976,Summer,1
Thailand,1984,Summer,1
Thailand,1988,Summer,1
Thailand,1992,Summer,1
Thailand,1996,Summer,2
Thailand,2000,Summer,3
Thailand,2004,Summer,8
Thailand,2008,Summer,4
Thailand,2012,Summer,3
Thailand,2016,Summer,6
Thames Rowing Club,1912,Summer,5
Thessalonki-1,1906,Summer,11
Tip,1956,Summer,3
Togo,2008,Summer,1
Tonga,1996,Summer,1
Tornado,1952,Summer,3
Tornado,1960,Summer,2
Toronto Argonauts,1904,Summer,9
Toronto Argonauts,1908,Summer,9
Trans-Mississippi Golf Association-2,1904,Summer,10
Trinidad and Tobago,1948,Summer,1
Trinidad and Tobago,1952,Summer,2
Trinidad and Tobago,1964,Summer,6
Trinidad and Tobago,1976,Summer,1
Trinidad and Tobago,1996,Summer,2
Trinidad and Tobago,2000,Summer,2
Trinidad and Tobago,2004,Summer,1
Trinidad and Tobago,2008,Summer,6
Trinidad and Tobago,2012,Summer,10
Trinidad and Tobago,2016,Summer,1
Tritons Lillois-2,1900,Summer,5
Tunisia,1964,Summer,2
Tunisia,1968,Summer,2
Tunisia,1972,Summer,1
Tunisia,1996,Summer,1
Tunisia,2008,Summer,1
Tunisia,2012,Summer,3
Tunisia,2016,Summer,3
Turkey,1936,Summer,2
Turkey,1948,Summer,12
Turkey,1952,Summer,3
Turkey,1956,Summer,7
Turkey,1960,Summer,9
Turkey,1964,Summer,6
Turkey,1968,Summer,2
Turkey,1972,Summer,1
Turkey,1984,Summer,3
Turkey,1988,Summer,2
Turkey,1992,Summer,6
Turkey,1996,Summer,6
Turkey,2000,Summer,5
Turkey,2004,Summer,11
Turkey,2008,Summer,7
Turkey,2012,Summer,5
Turkey,2016,Summer,8
Turquoise-1,1900,Summer,1
Tutti V,1928,Summer,5
USFSA,1900,Summer,13
Uganda,1968,Summer,2
Uganda,1972,Summer,2
Uganda,1980,Summer,1
Uganda,1996,Summer,1
Uganda,2012,Summer,1
Ukraine,1994,Winter,2
Ukraine,1996,Summer,34
Ukraine,1998,Winter,1
Ukraine,2000,Summer,35
Ukraine,2004,Summer,47
Ukraine,2006,Winter,1
Ukraine,2008,Summer,31
Ukraine,2012,Summer,26
Ukraine,2014,Winter,5
Ukraine,2016,Summer,15
Ukraine-1,2006,Winter,2
Unified Team,1992,Summer,220
Unified Team,1992,Winter,51
Unified Team-1,1992,Winter,4
Unified Team-2,1992,Winter,4
Union des Socits Franais de Sports Athletiques,1900,Summer,29
United Arab Emirates,2004,Summer,1
United Arab Emirates,2016,Summer,1
United Arab Republic,1960,Summer,2
United States,1896,Summer,20
United States,1900,Summer,45
United States,1904,Summer,199
United States,1906,Summer,24
United States,1908,Summer,65
United States,1912,Summer,107
United States,1920,Summer,194
United States,1924,Summer,174
United States,1924,Winter,12
United States,1928,Summer,88
United States,1928,Winter,4
United States,1932,Summer,170
United States,1932,Winter,20
United States,1936,Summer,96
United States,1936,Winter,12
United States,1948,Summer,143
United States,1948,Winter,6
United States,1952,Summer,122
United States,1952,Winter,22
United States,1956,Summer,121
United States,1956,Winter,22
United States,1960,Summer,120
United States,1960,Winter,25
United States,1964,Summer,159
United States,1964,Winter,6
United States,1968,Summer,166
United States,1968,Winter,7
United States,1972,Summer,171
United States,1972,Winter,24
United States,1976,Summer,164
United States,1976,Winter,9
United States,1980,Winter,30
United States,1984,Summer,352
United States,1984,Winter,7
United States,1988,Summer,207
United States,1988,Winter,5
United States,1992,Summer,222
United States,1992,Winter,14
United States,1994,Winter,19
United States,1996,Summer,255
United States,1998,Winter,30
United States,2000,Summer,240
United States,2002,Winter,70
United States,2004,Summer,259
United States,2006,Winter,48
United States,2008,Summer,309
United States,2010,Winter,89
United States,2012,Summer,238
United States,2014,Winter,52
United States,2016,Summer,256
United States Golf Association-3,1904,Summer,10
United States Virgin Islands,1988,Summer,1
United States-1,1904,Summer,2
United States-1,1924,Summer,4
United States-1,1928,Winter,5
United States-1,1932,Winter,8
United States-1,1936,Winter,2
United States-1,1948,Winter,4
United States-1,1952,Winter,8
United States-1,1956,Winter,4
United States-1,1960,Winter,2
United States-1,1964,Winter,2
United States-1,1976,Winter,2
United States-1,1984,Winter,2
United States-1,1988,Winter,2
United States-1,1992,Summer,2
United States-1,1996,Summer,2
United States-1,1998,Winter,2
United States-1,2000,Summer,2
United States-1,2002,Winter,6
United States-1,2004,Summer,2
United States-1,2006,Winter,4
United States-1,2008,Summer,6
United States-1,2010,Winter,6
United States-1,2012,Summer,8
United States-1,2014,Winter,10
United States-1,2016,Summer,4
United States-2,1904,Summer,2
United States-2,1924,Summer,4
United States-2,1928,Winter,5
United States-2,1932,Winter,6
United States-2,1936,Winter,2
United States-2,1948,Winter,6
United States-2,1996,Summer,2
United States-2,1998,Winter,2
United States-2,2002,Winter,8
United States-2,2004,Summer,2
United States-2,2008,Summer,2
United States-2,2010,Winter,2
United States-2,2012,Summer,2
United States-2,2014,Winter,2
United States-2,2016,Summer,4
United States-3,1904,Summer,2
United States-4,1904,Summer,2
United States/France,1900,Summer,2
United States/Great Britain,1900,Summer,2
Univ. of Brussels,1900,Summer,11
Upton Park FC,1900,Summer,11
Uruguay,1924,Summer,14
Uruguay,1928,Summer,17
Uruguay,1932,Summer,1
Uruguay,1948,Summer,3
Uruguay,1952,Summer,14
Uruguay,1956,Summer,12
Uruguay,1964,Summer,1
Uruguay,2000,Summer,1
Uzbekistan,1994,Winter,1
Uzbekistan,1996,Summer,2
Uzbekistan,2000,Summer,4
Uzbekistan,2004,Summer,5
Uzbekistan,2008,Summer,6
Uzbekistan,2012,Summer,3
Uzbekistan,2016,Summer,13
Venezuela,1952,Summer,1
Venezuela,1960,Summer,1
Venezuela,1968,Summer,1
Venezuela,1976,Summer,1
Venezuela,1980,Summer,1
Venezuela,1984,Summer,3
Venezuela,2004,Summer,2
Venezuela,2008,Summer,1
Venezuela,2012,Summer,1
Venezuela,2016,Summer,3
Venilia,1960,Summer,3
Vesper Boat Club,1900,Summer,9
Vesper Boat Club,1904,Summer,9
Vietnam,2000,Summer,1
Vietnam,2008,Summer,1
Vietnam,2016,Summer,2
Vinga-1,1908,Summer,5
Vision,1956,Summer,4
Wales-4,1908,Summer,11
Wannsee,1936,Summer,2
Web II,1960,Summer,3
West Germany,1968,Summer,51
West Germany,1968,Winter,4
West Germany,1972,Summer,100
West Germany,1972,Winter,2
West Germany,1976,Summer,78
West Germany,1976,Winter,24
West Germany,1980,Winter,8
West Germany,1984,Summer,158
West Germany,1984,Winter,6
West Germany,1988,Summer,115
West Germany,1988,Winter,12
West Germany-1,1968,Winter,6
West Germany-1,1972,Summer,2
West Germany-1,1972,Winter,6
West Germany-1,1976,Winter,8
West Germany-1,1984,Winter,2
West Germany-1,1988,Winter,2
West Germany-2,1972,Winter,2
West Indies Federation,1960,Summer,5
Western Golf Association-1,1904,Summer,10
Western Rowing Club-3,1904,Summer,6
White Lady,1964,Summer,3
Widgeon,1964,Summer,2
Willem-Six,1924,Summer,3
Winnipeg Shamrocks-1,1904,Summer,12
Yugoslavia,1924,Summer,2
Yugoslavia,1928,Summer,12
Yugoslavia,1936,Summer,1
Yugoslavia,1948,Summer,16
Yugoslavia,1952,Summer,24
Yugoslavia,1956,Summer,23
Yugoslavia,1960,Summer,17
Yugoslavia,1964,Summer,15
Yugoslavia,1968,Summer,29
Yugoslavia,1972,Summer,18
Yugoslavia,1976,Summer,19
Yugoslavia,1980,Summer,57
Yugoslavia,1984,Summer,87
Yugoslavia,1984,Winter,1
Yugoslavia,1988,Summer,63
Yugoslavia,1988,Winter,6
Zambia,1984,Summer,1
Zambia,1996,Summer,1
Zimbabwe,1980,Summer,15
Zimbabwe,2004,Summer,3
Zimbabwe,2008,Summer,4
Zut,1908,Summer,3
